{
  "slug": "f1-atr-turning-20-60",
  "hypothesis": "ATR(20)/ATR(60) 拐点 · 短窗 ATR 快速上升表明波动率制度切换 · 强段候选",
  "kf27_k_s": 2.5,
  "kf27_k_t": 10.0,
  "kf27_tau": 0.6,
  "kf27_x_star": 0.13009594989382273,
  "kf27_n_year": 39.0,
  "kf27_sharpe_year": 2.183320811018474,
  "x_min": 0.04963869458396342,
  "se_target_value": 0.04891018559869867,
  "n_bars_eval": 1012,
  "n_clusters": 3,
  "x_hat_mean": 0.056567710135470115,
  "x_hat_std": 0.08705732215533664,
  "x_hat_q90": 0.17797258197850652,
  "x_truth_mean": 0.2017900879391471,
  "x_truth_std": 0.16643563517192775,
  "x_truth_q90": 0.41366860219315926,
  "accepted": false,
  "reject_reason": "Gate1",
  "level": "L4",
  "gate1_se_hat": 0.24300466681494193,
  "gate1_passed": false,
  "gate1_ci_high": null,
  "gate1_5_passed": false,
  "gate1_5_reasons": [
    "C1_mean: rel_err=0.720 > 0.200",
    "C3_tail: q90_rel_err=0.570 > 0.300",
    "C4_ks: D=0.511 > 0.150"
  ],
  "gate1_5_remedy": "rescale",
  "gate2_ratio": 0.04117259552042161,
  "gate2_passed": false,
  "gate3_r_hat": -0.06711109676084073,
  "gate3_passed": false
}