{
  "slug": "f13-volume-spike-20-60",
  "hypothesis": "V_20 / V_60 突破 · 短窗成交量放大表明信息到达 · MDH 假设",
  "kf27_k_s": 2.5,
  "kf27_k_t": 10.0,
  "kf27_tau": 0.6,
  "kf27_x_star": 0.13009594989382273,
  "kf27_n_year": 39.0,
  "kf27_sharpe_year": 2.183320811018474,
  "x_min": 0.04963869458396342,
  "se_target_value": 0.04891018559869867,
  "n_bars_eval": 1012,
  "n_clusters": 3,
  "x_hat_mean": 0.12491732035803033,
  "x_hat_std": 0.15792578983901653,
  "x_hat_q90": 0.3577881098905613,
  "x_truth_mean": 0.2017900879391471,
  "x_truth_std": 0.16643563517192775,
  "x_truth_q90": 0.41366860219315926,
  "accepted": false,
  "reject_reason": "Gate1",
  "level": "L4",
  "gate1_se_hat": 0.2576183801639667,
  "gate1_passed": false,
  "gate1_ci_high": null,
  "gate1_5_passed": false,
  "gate1_5_reasons": [
    "C1_mean: rel_err=0.381 > 0.200",
    "C4_ks: D=0.375 > 0.150"
  ],
  "gate1_5_remedy": "reject_dist_error",
  "gate2_ratio": 2.0174571805006587,
  "gate2_passed": true,
  "gate3_r_hat": -0.12643726862352178,
  "gate3_passed": false
}