{
  "slug": "f14-time-of-day-session",
  "hypothesis": "交易时段效应 · 早盘/午盘/夜盘 制度切换 → 系统性强度差异",
  "kf27_k_s": 2.5,
  "kf27_k_t": 10.0,
  "kf27_tau": 0.6,
  "kf27_x_star": 0.13009594989382273,
  "kf27_n_year": 39.0,
  "kf27_sharpe_year": 2.183320811018474,
  "x_min": 0.04963869458396342,
  "se_target_value": 0.04891018559869867,
  "n_bars_eval": 387,
  "n_clusters": 2,
  "x_hat_mean": 0.1749447211194174,
  "x_hat_std": 0.02811608075390994,
  "x_hat_q90": 0.21044057518906567,
  "x_truth_mean": 0.19588485425506863,
  "x_truth_std": 0.1740267182920292,
  "x_truth_q90": 0.39534324115450453,
  "accepted": false,
  "reject_reason": "Gate1",
  "level": "L4",
  "gate1_se_hat": 0.17641339331155012,
  "gate1_passed": false,
  "gate1_ci_high": null,
  "gate1_5_passed": false,
  "gate1_5_reasons": [
    "C2_scale: sd_ratio=0.162 not in [0.5, 1.5]",
    "C3_tail: q90_rel_err=0.468 > 0.300",
    "C4_ks: D=0.416 > 0.150"
  ],
  "gate1_5_remedy": "degenerate",
  "gate2_ratio": 0.0,
  "gate2_passed": false,
  "gate3_r_hat": 0.046330804089289454,
  "gate3_passed": false
}