{
  "slug": "f3-realized-vol-breakout-20-60",
  "hypothesis": "Realized vol 短窗突破长窗 · x_hat = max(0, RV_20 / RV_60 - 1)",
  "kf27_k_s": 2.5,
  "kf27_k_t": 10.0,
  "kf27_tau": 0.6,
  "kf27_x_star": 0.13009594989382273,
  "kf27_n_year": 39.0,
  "kf27_sharpe_year": 2.183320811018474,
  "x_min": 0.04963869458396342,
  "se_target_value": 0.04891018559869867,
  "n_bars_eval": 1012,
  "n_clusters": 3,
  "x_hat_mean": 0.08531554516822656,
  "x_hat_std": 0.13602038675730455,
  "x_hat_q90": 0.30335411940925744,
  "x_truth_mean": 0.2017900879391471,
  "x_truth_std": 0.16643563517192775,
  "x_truth_q90": 0.41366860219315926,
  "accepted": false,
  "reject_reason": "Gate1",
  "level": "L4",
  "gate1_se_hat": 0.24688849718055952,
  "gate1_passed": false,
  "gate1_ci_high": null,
  "gate1_5_passed": false,
  "gate1_5_reasons": [
    "C1_mean: rel_err=0.577 > 0.200",
    "C4_ks: D=0.527 > 0.150"
  ],
  "gate1_5_remedy": "reject_dist_error",
  "gate2_ratio": 1.7292490118577075,
  "gate2_passed": true,
  "gate3_r_hat": -0.002538533941206354,
  "gate3_passed": false
}