{
  "slug": "f5-hurst-60",
  "hypothesis": "60 bar Hurst R/S 指数 · 线性映射 max(0, 2·(H - 0.5)) → x_hat · H>0.5 → 趋势凝聚 → 强度高",
  "kf27_k_s": 2.5,
  "kf27_k_t": 10.0,
  "kf27_tau": 0.6,
  "kf27_x_star": 0.13009594989382273,
  "kf27_n_year": 39.0,
  "kf27_sharpe_year": 2.183320811018474,
  "x_min": 0.04963869458396342,
  "se_target_value": 0.04891018559869867,
  "n_bars_eval": 1012,
  "n_clusters": 3,
  "x_hat_mean": 0.26918127453454,
  "x_hat_std": 0.26913796076029123,
  "x_hat_q90": 0.6298413287401212,
  "x_truth_mean": 0.2017900879391471,
  "x_truth_std": 0.16643563517192775,
  "x_truth_q90": 0.41366860219315926,
  "accepted": false,
  "reject_reason": "Gate1",
  "level": "L4",
  "gate1_se_hat": 0.3173266914727406,
  "gate1_passed": false,
  "gate1_ci_high": null,
  "gate1_5_passed": false,
  "gate1_5_reasons": [
    "C1_mean: rel_err=0.334 > 0.200",
    "C2_scale: sd_ratio=1.617 not in [0.5, 1.5]",
    "C3_tail: q90_rel_err=0.523 > 0.300",
    "C4_ks: D=0.306 > 0.150"
  ],
  "gate1_5_remedy": "reject_dist_error",
  "gate2_ratio": 5.681818181818182,
  "gate2_passed": true,
  "gate3_r_hat": 0.06125621308005981,
  "gate3_passed": false
}