{
  "slug": "f7-cross-sectional-resonance-4syms",
  "hypothesis": "同板块 4 品种（c/m/p/cs）过去 W=20 bar 的方向一致性 × 平均漂移强度 → 板块共振信号",
  "kf27_k_s": 2.5,
  "kf27_k_t": 10.0,
  "kf27_tau": 0.6,
  "kf27_x_star": 0.12927398761938555,
  "kf27_n_year": 39.0,
  "kf27_sharpe_year": 2.1712004641294786,
  "x_min": 0.04963869458396342,
  "se_target_value": 0.04841051248353929,
  "n_bars_eval": 382,
  "n_clusters": 1,
  "x_hat_mean": 0.09674643718458122,
  "x_hat_std": 0.08423750774579389,
  "x_hat_q90": 0.2340021868139781,
  "x_truth_mean": 0.19682939374856676,
  "x_truth_std": 0.1754672063728052,
  "x_truth_q90": 0.3960985070386483,
  "accepted": false,
  "reject_reason": "Gate1",
  "level": "L4",
  "gate1_se_hat": 0.22796817621247434,
  "gate1_passed": false,
  "gate1_ci_high": null,
  "gate1_5_passed": false,
  "gate1_5_reasons": [
    "C1_mean: rel_err=0.508 > 0.200",
    "C2_scale: sd_ratio=0.480 not in [0.5, 1.5]",
    "C3_tail: q90_rel_err=0.409 > 0.300",
    "C4_ks: D=0.312 > 0.150"
  ],
  "gate1_5_remedy": "reject_dist_error",
  "gate2_ratio": 0.0,
  "gate2_passed": false,
  "gate3_r_hat": -0.11719477639989889,
  "gate3_passed": false
}