{
  "slug": "f11-window-regression-20h",
  "hypothesis": "20h 窗口对数收益 (mean/std) 直接估计 |ν|/σ · shaping-theory §2.23.5.5 预期失败",
  "kf27_k_s": 2.5,
  "kf27_k_t": 10.0,
  "kf27_tau": 0.6,
  "kf27_x_star": 0.13009594989382273,
  "kf27_n_year": 39.0,
  "kf27_sharpe_year": 2.183320811018474,
  "x_min": 0.04963869458396342,
  "se_target_value": 0.04891018559869867,
  "n_bars_eval": 1132,
  "n_clusters": 3,
  "x_hat_mean": 0.19848294371033057,
  "x_hat_std": 0.16003835286389118,
  "x_hat_q90": 0.3946404699480459,
  "x_truth_mean": 0.1981493786085007,
  "x_truth_std": 0.16231099408442917,
  "x_truth_q90": 0.40023823329105923,
  "accepted": false,
  "reject_reason": "Gate1",
  "level": "L4",
  "gate1_se_hat": 0.2393562775156996,
  "gate1_passed": false,
  "gate1_ci_high": null,
  "gate1_5_passed": true,
  "gate1_5_reasons": [],
  "gate1_5_remedy": null,
  "gate2_ratio": 2.7974087161366312,
  "gate2_passed": true,
  "gate3_r_hat": -0.08216912940046273,
  "gate3_passed": false
}