{
  "slug": "f7alt-cross-sectional-avg-intensity",
  "hypothesis": "板块 4 品种（c/m/p/cs）平均 |ν|/σ 作为共振信号（放宽方向一致要求）",
  "kf27_k_s": 2.5,
  "kf27_k_t": 10.0,
  "kf27_tau": 0.6,
  "kf27_x_star": 0.12927398761938555,
  "kf27_n_year": 39.0,
  "kf27_sharpe_year": 2.1712004641294786,
  "x_min": 0.04963869458396342,
  "se_target_value": 0.04841051248353929,
  "n_bars_eval": 382,
  "n_clusters": 1,
  "x_hat_mean": 0.18698010095648857,
  "x_hat_std": 0.08751185016527857,
  "x_hat_q90": 0.2865504543855978,
  "x_truth_mean": 0.19682939374856676,
  "x_truth_std": 0.1754672063728052,
  "x_truth_q90": 0.3960985070386483,
  "accepted": false,
  "reject_reason": "Gate1",
  "level": "L4",
  "gate1_se_hat": 0.205541886838347,
  "gate1_passed": false,
  "gate1_ci_high": null,
  "gate1_5_passed": false,
  "gate1_5_reasons": [
    "C2_scale: sd_ratio=0.499 not in [0.5, 1.5]",
    "C4_ks: D=0.215 > 0.150"
  ],
  "gate1_5_remedy": "reject_dist_error",
  "gate2_ratio": 1.199825479930192,
  "gate2_passed": true,
  "gate3_r_hat": -0.09447092691863569,
  "gate3_passed": false
}