{
  "A": {
    "stop_atr_raw": 1.5,
    "take_atr_raw": 3.0,
    "max_bars_raw": 99999,
    "scale": 1.0,
    "n": 4922,
    "win_rate_geom": 0.3356359203575782,
    "mean_gross_atr": 0.0068446728019267555,
    "take_hit_rate": 0.3329947175944738,
    "stop_hit_rate": 0.662738724095896,
    "time_close_win_rate": 0.0004063388866314506,
    "time_close_loss_rate": 0.0,
    "data_end_rate": 0.0038602194229987808
  },
  "B": {
    "stop_atr_raw": 0.5,
    "take_atr_raw": 1.0,
    "max_bars_raw": 40,
    "scale": 1.0,
    "n": 4922,
    "win_rate_geom": 0.3569687119057294,
    "mean_gross_atr": 0.035347142047456294,
    "take_hit_rate": 0.35595286468915077,
    "stop_hit_rate": 0.6424217797643235,
    "time_close_win_rate": 0.0,
    "time_close_loss_rate": 0.0002031694433157253,
    "data_end_rate": 0.0014221861032100772
  },
  "C": {
    "stop_atr_raw": 2.5,
    "take_atr_raw": 7.5,
    "max_bars_raw": 160,
    "scale": 1.0,
    "n": 4922,
    "win_rate_geom": 0.2769199512393336,
    "mean_gross_atr": 0.03075348476046257,
    "take_hit_rate": 0.22490857375050793,
    "stop_hit_rate": 0.7147501015847216,
    "time_close_win_rate": 0.04530678585940674,
    "time_close_loss_rate": 0.005282405526208858,
    "data_end_rate": 0.009752133279154815
  },
  "D": {
    "stop_atr_raw": 1.0,
    "take_atr_raw": null,
    "max_bars_raw": 80,
    "scale": 1.0,
    "n": 4922,
    "win_rate_geom": 0.1379520520113775,
    "mean_gross_atr": 0.15150298462186118,
    "take_hit_rate": 0.0,
    "stop_hit_rate": 0.8583908980089394,
    "time_close_win_rate": 0.13510767980495733,
    "time_close_loss_rate": 0.0022348638764729785,
    "data_end_rate": 0.004266558309630231
  },
  "D2": {
    "stop_atr_raw": 1.0,
    "take_atr_raw": 3.0,
    "max_bars_raw": 80,
    "scale": 1.0,
    "n": 4922,
    "win_rate_geom": 0.2568061763510768,
    "mean_gross_atr": 0.02139791012179645,
    "take_hit_rate": 0.25294595692807803,
    "stop_hit_rate": 0.741162129215766,
    "time_close_win_rate": 0.0022348638764729785,
    "time_close_loss_rate": 0.0008126777732629012,
    "data_end_rate": 0.0028443722064201544
  },
  "E": {
    "stop_atr_raw": 1.5,
    "take_atr_raw": 2.0,
    "max_bars_raw": 80,
    "scale": 1.0,
    "n": 4922,
    "win_rate_geom": 0.42096708655018283,
    "mean_gross_atr": -0.02734842422121549,
    "take_hit_rate": 0.41873222267370985,
    "stop_hit_rate": 0.5770012190166599,
    "time_close_win_rate": 0.0008126777732629012,
    "time_close_loss_rate": 0.0004063388866314506,
    "data_end_rate": 0.0030475416497358796
  },
  "F": {
    "stop_atr_raw": 1.5,
    "take_atr_raw": 3.0,
    "max_bars_raw": 80,
    "scale": 1.0,
    "n": 4922,
    "win_rate_geom": 0.3356359203575782,
    "mean_gross_atr": 0.0011481814802328418,
    "take_hit_rate": 0.32872815928484356,
    "stop_hit_rate": 0.6607070296627388,
    "time_close_win_rate": 0.004876066639577408,
    "time_close_loss_rate": 0.0020316944331572532,
    "data_end_rate": 0.0036570499796830555
  }
}