{
  "ann_ret": -0.3825452998838064,
  "sharpe": -1.5967223058946678,
  "max_dd": -1.0109245145305203,
  "n_trades": 1018,
  "win_rate": 0.4675834970530452,
  "monthly_win": 0.36363636363636365,
  "ir": -0.10475192830326736,
  "n_contracts": 142,
  "n_active_days": 590
}