{
  "ann_ret": 0.6343676599860277,
  "sharpe": 3.4670258135526786,
  "max_dd": -0.12302723567201251,
  "n_trades": 613,
  "win_rate": 0.6280587275693311,
  "monthly_win": 0.8125,
  "ir": 0.2711305283746255,
  "n_contracts": 139
}