{
  "ann_ret": 0.6046581299420001,
  "sharpe": 3.343762712015238,
  "max_dd": -0.12302723567201257,
  "n_trades": 589,
  "win_rate": 0.6230899830220713,
  "monthly_win": 0.8125,
  "ir": 0.2694310042545503,
  "n_contracts": 139
}