{
  "A": {
    "stop_atr_raw": 1.5,
    "take_atr_raw": 3.0,
    "max_bars_raw": 99999,
    "scale": 5.0,
    "n": 4922,
    "win_rate_geom": 0.4270621698496546,
    "mean_gross_atr": 0.2327906041832016,
    "take_hit_rate": 0.17939861844778546,
    "stop_hit_rate": 0.46424217797643236,
    "time_close_win_rate": 0.2310036570499797,
    "time_close_loss_rate": 0.09752133279154815,
    "data_end_rate": 0.02783421373425437
  },
  "B": {
    "stop_atr_raw": 0.5,
    "take_atr_raw": 1.0,
    "max_bars_raw": 40,
    "scale": 5.0,
    "n": 4922,
    "win_rate_geom": 0.33990247866720846,
    "mean_gross_atr": 0.019633566104285658,
    "take_hit_rate": 0.3283218203982121,
    "stop_hit_rate": 0.6556277935798456,
    "time_close_win_rate": 0.006095083299471759,
    "time_close_loss_rate": 0.0016253555465258025,
    "data_end_rate": 0.008329947175944739
  },
  "C": {
    "stop_atr_raw": 2.5,
    "take_atr_raw": 7.5,
    "max_bars_raw": 160,
    "scale": 5.0,
    "n": 4922,
    "win_rate_geom": 0.3996342950020317,
    "mean_gross_atr": 0.48068145686288827,
    "take_hit_rate": 0.08939455505891913,
    "stop_hit_rate": 0.5020316944331572,
    "time_close_win_rate": 0.24380333197887039,
    "time_close_loss_rate": 0.0642015440877692,
    "data_end_rate": 0.10056887444128403
  },
  "D": {
    "stop_atr_raw": 1.0,
    "take_atr_raw": null,
    "max_bars_raw": 80,
    "scale": 5.0,
    "n": 4922,
    "win_rate_geom": 0.27895164567249087,
    "mean_gross_atr": 0.7282028201891183,
    "take_hit_rate": 0.0,
    "stop_hit_rate": 0.6899634295002032,
    "time_close_win_rate": 0.25172694026818365,
    "time_close_loss_rate": 0.022348638764729784,
    "data_end_rate": 0.035960991466883384
  },
  "D2": {
    "stop_atr_raw": 1.0,
    "take_atr_raw": 3.0,
    "max_bars_raw": 80,
    "scale": 5.0,
    "n": 4922,
    "win_rate_geom": 0.3075985371800081,
    "mean_gross_atr": 0.25153056162558396,
    "take_hit_rate": 0.20418529053230394,
    "stop_hit_rate": 0.6649735879723689,
    "time_close_win_rate": 0.08614384396586754,
    "time_close_loss_rate": 0.018691588785046728,
    "data_end_rate": 0.02600568874441284
  },
  "E": {
    "stop_atr_raw": 1.5,
    "take_atr_raw": 2.0,
    "max_bars_raw": 80,
    "scale": 5.0,
    "n": 4922,
    "win_rate_geom": 0.45042665583096303,
    "mean_gross_atr": 0.17870448754581983,
    "take_hit_rate": 0.37769199512393337,
    "stop_hit_rate": 0.49817147501015846,
    "time_close_win_rate": 0.056277935798455914,
    "time_close_loss_rate": 0.03799268590004063,
    "data_end_rate": 0.029865908167411623
  },
  "F": {
    "stop_atr_raw": 1.5,
    "take_atr_raw": 3.0,
    "max_bars_raw": 80,
    "scale": 5.0,
    "n": 4922,
    "win_rate_geom": 0.39699309223892726,
    "mean_gross_atr": 0.28478289632321796,
    "take_hit_rate": 0.2456318569687119,
    "stop_hit_rate": 0.5398212108898821,
    "time_close_win_rate": 0.12941893539211702,
    "time_close_loss_rate": 0.049776513612352705,
    "data_end_rate": 0.0353514831369362
  }
}