{
  "A": {
    "stop_atr_raw": 1.5,
    "take_atr_raw": 3.0,
    "max_bars_raw": 99999,
    "scale": 3.0,
    "n": 4922,
    "win_rate_geom": 0.3644859813084112,
    "mean_gross_atr": 0.06854877618715935,
    "take_hit_rate": 0.28585940674522553,
    "stop_hit_rate": 0.6038195855343357,
    "time_close_win_rate": 0.0674522551808208,
    "time_close_loss_rate": 0.023973994311255586,
    "data_end_rate": 0.018894758228362455
  },
  "B": {
    "stop_atr_raw": 0.5,
    "take_atr_raw": 1.0,
    "max_bars_raw": 40,
    "scale": 3.0,
    "n": 4922,
    "win_rate_geom": 0.3354327509142625,
    "mean_gross_atr": 0.00604936021269347,
    "take_hit_rate": 0.3327915481511581,
    "stop_hit_rate": 0.6625355546525803,
    "time_close_win_rate": 0.0004063388866314506,
    "time_close_loss_rate": 0.0004063388866314506,
    "data_end_rate": 0.0038602194229987808
  },
  "C": {
    "stop_atr_raw": 2.5,
    "take_atr_raw": 7.5,
    "max_bars_raw": 160,
    "scale": 3.0,
    "n": 4922,
    "win_rate_geom": 0.3608289313287282,
    "mean_gross_atr": 0.43213018995925284,
    "take_hit_rate": 0.14221861032100772,
    "stop_hit_rate": 0.5849248273059732,
    "time_close_win_rate": 0.18508736286062577,
    "time_close_loss_rate": 0.04063388866314506,
    "data_end_rate": 0.047135310849248276
  },
  "D": {
    "stop_atr_raw": 1.0,
    "take_atr_raw": null,
    "max_bars_raw": 80,
    "scale": 3.0,
    "n": 4922,
    "win_rate_geom": 0.22531491263713938,
    "mean_gross_atr": 0.33657886889307714,
    "take_hit_rate": 0.0,
    "stop_hit_rate": 0.7618854124339699,
    "time_close_win_rate": 0.20845184884193418,
    "time_close_loss_rate": 0.008533116619260463,
    "data_end_rate": 0.021129622104835433
  },
  "D2": {
    "stop_atr_raw": 1.0,
    "take_atr_raw": 3.0,
    "max_bars_raw": 80,
    "scale": 3.0,
    "n": 4922,
    "win_rate_geom": 0.27651361235270216,
    "mean_gross_atr": 0.036502888446785314,
    "take_hit_rate": 0.2238927265339293,
    "stop_hit_rate": 0.7143437626980902,
    "time_close_win_rate": 0.04307192198293377,
    "time_close_loss_rate": 0.004876066639577408,
    "data_end_rate": 0.01381552214546932
  },
  "E": {
    "stop_atr_raw": 1.5,
    "take_atr_raw": 2.0,
    "max_bars_raw": 80,
    "scale": 3.0,
    "n": 4922,
    "win_rate_geom": 0.4331572531491264,
    "mean_gross_atr": 0.004709026333112614,
    "take_hit_rate": 0.4049167005282405,
    "stop_hit_rate": 0.5442909386428281,
    "time_close_win_rate": 0.02072328321820398,
    "time_close_loss_rate": 0.014831369362047948,
    "data_end_rate": 0.015237708248679399
  },
  "F": {
    "stop_atr_raw": 1.5,
    "take_atr_raw": 3.0,
    "max_bars_raw": 80,
    "scale": 3.0,
    "n": 4922,
    "win_rate_geom": 0.3644859813084112,
    "mean_gross_atr": 0.06854877618715935,
    "take_hit_rate": 0.28585940674522553,
    "stop_hit_rate": 0.6038195855343357,
    "time_close_win_rate": 0.0674522551808208,
    "time_close_loss_rate": 0.023973994311255586,
    "data_end_rate": 0.018894758228362455
  }
}